event_id,name,kind,start_date,end_date,region,markets,demand_multiplier,segment_filter,cancel_flip_share,noshow_share,lead_factor,ramp_days,recovery_half_life_days,source
paris_2015,Paris attacks safe haven inflow,substitution,2015-11-14,2016-12-31,both,GBR;IRL;USA;DEU;NLD;BEL;CHE;AUT;SWE,1.05,,0,0,1,14,180,https://www.theborneopost.com/2016/07/01/portugal-tourism-booms-as-terror-strikes-around-mediterranean/
brussels_nice_istanbul_2016,Brussels Nice and Istanbul attacks safe haven inflow,substitution,2016-03-22,2017-06-30,both,GBR;IRL;USA;DEU;NLD;BEL;CHE;AUT;SWE;FRA,1.04,,0,0,1,14,180,https://dx.doi.org/10.1177/1354816620938900
fires_june_2017,Pedrogao Grande wildfires,disaster,2017-06-17,2017-06-30,both,ALL,0.95,,0.03,0,1,0,30,https://ssrn.com/abstract=3438168
fires_october_2017,October 2017 wildfires,disaster,2017-10-15,2017-10-31,both,ALL,0.95,,0.03,0,1,0,30,https://ssrn.com/abstract=3438168
monchique_fire_2018,Monchique wildfire Algarve,disaster,2018-08-03,2018-08-12,resort,ALL,0.75,,0.15,0,1,0,21,https://ssrn.com/abstract=3438168
storm_leslie_2018,Storm Leslie,disaster,2018-10-13,2018-10-15,both,ALL,0.9,,0.1,0.05,1,0,7,https://pmc.ncbi.nlm.nih.gov/articles/PMC7115519/
covid_first_wave,Covid first lockdown and border closures,pandemic,2020-03-13,2020-05-31,both,ALL,0.05,,0.85,0.2,0.6,7,120,https://pmc.ncbi.nlm.nih.gov/articles/PMC10134705/
covid_summer_2020,Covid summer with restrictions and quarantine lists,pandemic,2020-06-01,2020-10-31,both,ALL,0.4,Groups;Corporate;Aviation,0.3,0.05,0.6,0,90,https://www.oecd.org/en/publications/oecd-tourism-trends-and-policies-2022_a8dd3019-en/full-report/portugal_26342d91.html
covid_second_wave,Covid second wave and winter lockdown,pandemic,2020-11-01,2021-04-30,both,ALL,0.15,,0.7,0.1,0.6,7,120,https://www.oecd.org/en/publications/oecd-tourism-trends-and-policies-2022_a8dd3019-en/full-report/portugal_26342d91.html
covid_green_list_2021,Covid summer 2021 traffic light rules,pandemic,2021-05-01,2021-08-31,both,GBR;IRL;USA;CHN;BRA,0.5,,0.35,0.05,0.7,0,90,https://www.oecd.org/en/publications/oecd-tourism-trends-and-policies-2022_a8dd3019-en/full-report/portugal_26342d91.html
covid_omicron,Omicron wave,pandemic,2021-12-01,2022-01-31,both,ALL,0.6,,0.25,0.05,0.8,7,60,https://blog.netaffinity.com/cancellation-trends-where-do-they-stand-and-how-can-you-overcome-them
war_ukraine,War in Ukraine and sanctions on the russian market,geopolitical,2022-02-24,2030-12-31,both,RUS;UKR,0.0,,0.5,0,1,0,3650,https://www.oeconomus.hu/en/analyses/tourism-during-the-war-how-russian-ukrainian-and-european-tourism-changed/
wyd_lisbon_2023,World Youth Day Lisbon,event,2023-08-01,2023-08-06,city,ALL,1.6,,0,0,1.3,30,14,https://www.ine.pt/xportal/xmain?xpid=INE&xpgid=ine_destaques&DESTAQUESdest_boui=646074543&DESTAQUEStema=55581&DESTAQUESmodo=2
odemira_fire_2023,Odemira wildfire near the Algarve,disaster,2023-08-05,2023-08-10,resort,ALL,0.85,,0.08,0,1,0,14,https://ssrn.com/abstract=3438168
heat_july_2023,July 2023 heat wave,heat,2023-07-08,2023-07-20,both,GBR;IRL;DEU;NLD;SWE;BEL,0.93,,0,0,1,0,14,https://publications.jrc.ec.europa.eu/repository/handle/JRC131508
web_summit_2015,Web Summit Lisbon 2015,event,2015-11-03,2015-11-06,city,ALL,1.2,,0,0,1,21,7,https://www.ine.pt/xportal/xmain?xpid=INE
web_summit_2016,Web Summit Lisbon 2016,event,2016-11-07,2016-11-10,city,ALL,1.25,,0,0,1,21,7,https://www.ine.pt/xportal/xmain?xpid=INE
web_summit_2017,Web Summit Lisbon 2017,event,2017-11-06,2017-11-09,city,ALL,1.25,,0,0,1,21,7,https://www.ine.pt/xportal/xmain?xpid=INE
web_summit_2018,Web Summit Lisbon 2018,event,2018-11-05,2018-11-08,city,ALL,1.25,,0,0,1,21,7,https://www.ine.pt/xportal/xmain?xpid=INE
web_summit_2019,Web Summit Lisbon 2019,event,2019-11-04,2019-11-07,city,ALL,1.25,,0,0,1,21,7,https://www.ine.pt/xportal/xmain?xpid=INE
web_summit_2021,Web Summit Lisbon 2021,event,2021-11-01,2021-11-04,city,ALL,1.2,,0,0,1,21,7,https://www.ine.pt/xportal/xmain?xpid=INE
web_summit_2022,Web Summit Lisbon 2022,event,2022-11-01,2022-11-04,city,ALL,1.25,,0,0,1,21,7,https://www.ine.pt/xportal/xmain?xpid=INE
web_summit_2023,Web Summit Lisbon 2023,event,2023-11-13,2023-11-16,city,ALL,1.25,,0,0,1,21,7,https://www.ine.pt/xportal/xmain?xpid=INE
web_summit_2024,Web Summit Lisbon 2024,event,2024-11-11,2024-11-14,city,ALL,1.25,,0,0,1,21,7,https://www.ine.pt/xportal/xmain?xpid=INE
web_summit_2025,Web Summit Lisbon 2025,event,2025-11-10,2025-11-13,city,ALL,1.25,,0,0,1,21,7,https://www.ine.pt/xportal/xmain?xpid=INE
web_summit_2026,Web Summit Lisbon 2026,event,2026-11-09,2026-11-12,city,ALL,1.25,,0,0,1,21,7,https://www.ine.pt/xportal/xmain?xpid=INE
blackout_2025,Iberian blackout,disruption,2025-04-28,2025-04-29,both,ALL,0.9,,0.05,0.12,1,0,3,https://skift.com/2025/04/28/blackouts-across-spain-and-portugal-hit-travel/
strike_june_2026,Nationwide general strike and airport disruption,disruption,2026-06-03,2026-06-03,both,ALL,0.85,,0.03,0.15,1,0,2,https://www.portugalresident.com/portugal-airport-strike-causes-major-flight-disruptions-as-hundreds-of-services-cancelled/
